image_id,file,post_id,version,aoi_file
crit01_original,images/crit01_original.png,crit01,original,
crit01_retouched,images/crit01_retouched.png,crit01,retouched,
crit02_original,images/crit02_original.png,crit02,original,
crit02_retouched,images/crit02_retouched.png,crit02,retouched,
crit03_original,images/crit03_original.png,crit03,original,
crit03_retouched,images/crit03_retouched.png,crit03,retouched,
crit04_original,images/crit04_original.png,crit04,original,
crit04_retouched,images/crit04_retouched.png,crit04,retouched,
crit05_original,images/crit05_original.png,crit05,original,
crit05_retouched,images/crit05_retouched.png,crit05,retouched,
crit06_original,images/crit06_original.png,crit06,original,
crit06_retouched,images/crit06_retouched.png,crit06,retouched,
crit07_original,images/crit07_original.png,crit07,original,
crit07_retouched,images/crit07_retouched.png,crit07,retouched,
crit08_original,images/crit08_original.png,crit08,original,
crit08_retouched,images/crit08_retouched.png,crit08,retouched,
fill01,images/fill01.png,fill01,,
fill02,images/fill02.png,fill02,,
fill03,images/fill03.png,fill03,,
fill04,images/fill04.png,fill04,,
fill05,images/fill05.png,fill05,,
fill06,images/fill06.png,fill06,,
fill07,images/fill07.png,fill07,,
fill08,images/fill08.png,fill08,,
fill09,images/fill09.png,fill09,,
fill10,images/fill10.png,fill10,,
fill11,images/fill11.png,fill11,,
fill12,images/fill12.png,fill12,,
foil01,images/foil01.png,,,
foil02,images/foil02.png,,,
