post_id,role,account_id,default_version,caption,like_count,posted_ago
crit01,critical,acc1,,Sunday reset,214,2h
crit02,critical,acc3,,New season new goals,1832,3h
crit03,critical,acc4,,Feeling good today,96,5h
crit04,critical,acc1,,Outfit check,301,6h
crit05,critical,acc3,,Morning routine done,2410,8h
crit06,critical,acc4,,Weekend mood,152,10h
crit07,critical,acc2,,Back at it,77,12h
crit08,critical,acc6,,Golden hour,433,1d
fill01,filler,acc2,,Trail views this morning,58,1h
fill02,filler,acc6,,Can't get over this place,612,2h
fill03,filler,acc5,,Lunch with a view,41,4h
fill04,filler,acc2,,Summit!,129,4h
fill05,filler,acc6,,Throwback to last summer,388,7h
fill06,filler,acc5,,Picnic weather,73,9h
fill07,filler,acc2,,Rain on the way,34,11h
fill08,filler,acc6,,Road trip day 3,520,13h
fill09,filler,acc5,,Found a new favourite spot,66,15h
fill10,filler,acc2,,Early start,91,1d
fill11,filler,acc6,,Sunset chaser,707,1d
fill12,filler,acc5,,Long weekend vibes,48,2d
